Region,Yolk sac infection/omphalitis,Coccidiosis,Marek's Disease,Colisepticaemia
North East,0.0,0.0,4.0,0.0
North West,0.0,0.0,2.0,0.0
Yorkshire and the Humber,0.0,0.0,0.0,0.0
East Midlands,0.0,1.0,4.0,0.0
West Midlands,3.0,1.0,4.0,2.0
East of England,0.0,4.0,3.0,1.0
South East (including London),0.0,0.0,0.0,0.0
South West,1.0,6.0,9.0,0.0
England,0.0,0.0,0.0,0.0
